{
  "n_train": 2878,
  "n_val": 509,
  "n_features": 153,
  "auroc_val": 0.9235294117647059,
  "auprc_val": 0.8473521542542514,
  "accuracy_val": 0.8447937131630648
}
