{
  "n_train": 2878,
  "n_val": 509,
  "n_features": 95,
  "auroc_val": 0.8859882005899705,
  "auprc_val": 0.7474440158699023,
  "accuracy_val": 0.8035363457760314
}
