{
  "n_train": 2878,
  "n_val": 509,
  "n_features": 126,
  "auroc_val": 0.894499392677425,
  "auprc_val": 0.7749842175321494,
  "accuracy_val": 0.8212180746561886
}
