{
  "n_train": 2878,
  "n_val": 509,
  "n_features": 95,
  "auroc_val": 0.8756463647405865,
  "auprc_val": 0.6966183782526856,
  "accuracy_val": 0.7917485265225933
}
