{
  "n_train": 2878,
  "n_val": 509,
  "n_features": 122,
  "auroc_val": 0.923598820058997,
  "auprc_val": 0.8483337066079151,
  "accuracy_val": 0.8369351669941061
}
